trade_date;maturity_date;maturity;strike;spot;option_price;option_type;implied_vol;ticker;rate;dividend_yield;forward
2026-04-27;2027-06-18;1.1424657534246576;25.0;77.19;0.2000000067055225;put;0.502911491394043;TTE;;;76.7215881775207
2026-04-27;2027-03-19;0.8931506849315068;28.0;77.19;0.16000000387430185;put;0.502141418457031;TTE;;;77.1355797605815
2026-04-27;2026-09-18;0.39452054794520547;30.0;77.19;0.10500000137835729;put;0.675994567871094;TTE;;;77.08208420785022
2026-04-27;2027-03-19;0.8931506849315068;30.0;77.19;0.18499997258186351;put;0.479217987060547;TTE;;;77.1355797605815
2026-04-27;2027-06-18;1.1424657534246576;30.0;77.19;0.2800000011920925;put;0.452062797546387;TTE;;;76.7215881775207
2026-04-27;2027-12-17;1.641095890410959;30.0;77.19;0.5100000202655796;put;0.415966682434082;TTE;;;74.9576437358878
2026-04-27;2026-09-18;0.39452054794520547;35.0;77.19;0.11000000126659859;put;0.577578392028809;TTE;;;77.08208420785022
2026-04-27;2026-12-18;0.6438356164383562;35.0;77.19;0.1449999995529651;put;0.46797229766845705;TTE;;;76.71268054224896
2026-04-27;2027-03-19;0.8931506849315068;35.0;77.19;0.2600000128149985;put;0.43328178405761697;TTE;;;77.1355797605815
2026-04-27;2027-06-18;1.1424657534246576;35.0;77.19;0.39000001549720753;put;0.409227294921875;TTE;;;76.7215881775207
2026-04-27;2027-12-17;1.641095890410959;35.0;77.19;0.689999997615814;put;0.378542213439941;TTE;;;74.9576437358878
2026-04-27;2026-09-18;0.39452054794520547;38.0;77.19;0.11500000115483984;put;0.525977401733398;TTE;;;77.08208420785022
2026-04-27;2026-09-18;0.39452054794520547;40.0;77.19;0.12500000186264504;put;0.497795715332031;TTE;;;77.08208420785022
2026-04-27;2026-12-18;0.6438356164383562;40.0;77.19;0.199999999254942;put;0.41725860595703096;TTE;;;76.71268054224896
2026-04-27;2027-03-19;0.8931506849315068;40.0;77.19;0.364999979734421;put;0.38936351776122996;TTE;;;77.1355797605815
2026-04-27;2027-06-18;1.1424657534246576;40.0;77.19;0.555000007152557;put;0.37285621643066397;TTE;;;76.7215881775207
2026-04-27;2027-12-17;1.641095890410959;40.0;77.19;0.9400000274181359;put;0.34685390472412103;TTE;;;74.9576437358878
2026-04-27;2026-09-18;0.39452054794520547;42.0;77.19;0.13499999605119226;put;0.470227317810059;TTE;;;77.08208420785022
2026-04-27;2026-12-18;0.6438356164383562;42.0;77.19;0.2349999994039535;put;0.400781707763672;TTE;;;76.71268054224896
2026-04-27;2026-09-18;0.39452054794520547;44.0;77.19;0.15500000119209284;put;0.447948684692383;TTE;;;77.08208420785022
2026-04-27;2026-12-18;0.6438356164383562;44.0;77.19;0.2650000005960465;put;0.38202911376953097;TTE;;;76.71268054224896
2026-04-27;2026-12-18;0.6438356164383562;45.0;77.19;0.285000003874302;put;0.37379711151122996;TTE;;;76.71268054224896
2026-04-27;2027-03-19;0.8931506849315068;45.0;77.19;0.505000025033951;put;0.351519584655762;TTE;;;77.1355797605815
2026-04-27;2027-06-18;1.1424657534246576;45.0;77.19;0.7849999964237211;put;0.341403617858887;TTE;;;76.7215881775207
2026-04-27;2027-12-17;1.641095890410959;45.0;77.19;1.3099999427795401;put;0.321099281311035;TTE;;;74.9576437358878
2026-04-27;2026-09-18;0.39452054794520547;46.0;77.19;0.175000000745058;put;0.42517578125;TTE;;;77.08208420785022
2026-04-27;2026-12-18;0.6438356164383562;46.0;77.19;0.30499999225139596;put;0.365328598022461;TTE;;;76.71268054224896
2026-04-27;2026-09-18;0.39452054794520547;48.0;77.19;0.2049999982118605;put;0.405636787414551;TTE;;;77.08208420785022
2026-04-27;2026-12-18;0.6438356164383562;48.0;77.19;0.3499999940395355;put;0.348783988952637;TTE;;;76.71268054224896
2026-04-27;2026-07-17;0.2219178082191781;50.0;77.19;0.13499999605119226;put;0.460464286804199;TTE;;;76.75813511797273
2026-04-27;2026-09-18;0.39452054794520547;50.0;77.19;0.2349999994039535;put;0.38498939514160196;TTE;;;77.08208420785022
2026-04-27;2026-12-18;0.6438356164383562;50.0;77.19;0.41499999165534995;put;0.335105018615723;TTE;;;76.71268054224896
2026-04-27;2027-03-19;0.8931506849315068;50.0;77.19;0.7349999845027925;put;0.321407814025879;TTE;;;77.1355797605815
2026-04-27;2027-06-18;1.1424657534246576;50.0;77.19;1.149999618530275;put;0.316479396820068;TTE;;;76.7215881775207
2026-04-27;2027-12-17;1.641095890410959;50.0;77.19;1.8400001525878902;put;0.3006715965271;TTE;;;74.9576437358878
2026-04-27;2026-07-17;0.2219178082191781;52.0;77.19;0.1549999974668026;put;0.434007415771484;TTE;;;76.75813511797273
2026-04-27;2026-09-18;0.39452054794520547;52.0;77.19;0.2750000059604645;put;0.366140289306641;TTE;;;77.08208420785022
2026-04-27;2026-12-18;0.6438356164383562;52.0;77.19;0.48999997973442044;put;0.321463203430176;TTE;;;76.71268054224896
2026-04-27;2026-07-17;0.2219178082191781;54.0;77.19;0.17499999701976784;put;0.40622230529785197;TTE;;;76.75813511797273
2026-04-27;2026-09-18;0.39452054794520547;54.0;77.19;0.320000000298023;put;0.34725719451904297;TTE;;;77.08208420785022
2026-04-27;2026-12-18;0.6438356164383562;54.0;77.19;0.594999998807907;put;0.31042739868164104;TTE;;;76.71268054224896
2026-04-27;2027-03-19;0.8931506849315068;54.0;77.19;1.049999684095384;put;0.30297550201416;TTE;;;77.1355797605815
2026-04-27;2026-12-18;0.6438356164383562;55.0;77.19;0.6599999964237215;put;0.305559501647949;TTE;;;76.71268054224896
2026-04-27;2027-06-18;1.1424657534246576;55.0;77.19;1.724999904632565;put;0.298025093078613;TTE;;;76.7215881775207
2026-04-27;2027-12-17;1.641095890410959;55.0;77.19;2.62499952316284;put;0.285757637023926;TTE;;;74.9576437358878
2026-04-27;2026-05-15;0.049315068493150684;56.0;77.19;0.0950000034645198;put;0.724635467529297;TTE;;;77.19
2026-04-27;2026-07-17;0.2219178082191781;56.0;77.19;0.2049999944865705;put;0.38236850738525396;TTE;;;76.75813511797273
2026-04-27;2026-09-18;0.39452054794520547;56.0;77.19;0.375;put;0.329073295593262;TTE;;;77.08208420785022
2026-04-27;2026-12-18;0.6438356164383562;56.0;77.19;0.734999984502792;put;0.301153106689453;TTE;;;76.71268054224896
2026-04-27;2027-03-19;0.8931506849315068;56.0;77.19;1.2749996185302699;put;0.295489101409912;TTE;;;77.1355797605815
2026-04-27;2026-05-15;0.049315068493150684;57.0;77.19;0.0950000034645198;put;0.6903584289550779;TTE;;;77.19
2026-04-27;2026-05-15;0.049315068493150684;58.0;77.19;0.10500000137835729;put;0.6674103546142579;TTE;;;77.19
2026-04-27;2026-06-19;0.14520547945205478;58.0;77.19;0.1549999974668026;put;0.41919929504394504;TTE;;;77.37
2026-04-27;2026-07-17;0.2219178082191781;58.0;77.19;0.240000009536743;put;0.357996215820312;TTE;;;76.75813511797273
2026-04-27;2026-09-18;0.39452054794520547;58.0;77.19;0.465000003576279;put;0.31525579452514596;TTE;;;77.08208420785022
2026-04-27;2026-12-18;0.6438356164383562;58.0;77.19;0.9249999821186045;put;0.294043598175049;TTE;;;76.71268054224896
2026-04-27;2027-03-19;0.8931506849315068;58.0;77.19;1.549999713897705;put;0.289962692260742;TTE;;;77.1355797605815
2026-04-27;2026-05-15;0.049315068493150684;59.0;77.19;0.10500000137835729;put;0.633560256958008;TTE;;;77.19
2026-04-27;2026-05-15;0.049315068493150684;60.0;77.19;0.10500000137835729;put;0.600144691467285;TTE;;;77.19
2026-04-27;2026-06-19;0.14520547945205478;60.0;77.19;0.185000006109476;put;0.39067108154296903;TTE;;;77.37
2026-04-27;2026-07-17;0.2219178082191781;60.0;77.19;0.28999999910593;put;0.335882186889648;TTE;;;76.75813511797273
2026-04-27;2026-09-18;0.39452054794520547;60.0;77.19;0.5900000035762785;put;0.303552207946777;TTE;;;77.08208420785022
2026-04-27;2026-12-18;0.6438356164383562;60.0;77.19;1.16500002145767;put;0.287903995513916;TTE;;;76.71268054224896
2026-04-27;2027-03-19;0.8931506849315068;60.0;77.19;1.875;put;0.284658203125;TTE;;;77.1355797605815
2026-04-27;2027-06-18;1.1424657534246576;60.0;77.19;2.5950002670288104;put;0.283765106201172;TTE;;;76.7215881775207
2026-04-27;2027-12-17;1.641095890410959;60.0;77.19;3.714999675750735;put;0.273845043182373;TTE;;;74.9576437358878
2026-04-27;2026-05-15;0.049315068493150684;62.0;77.19;0.10500000137835729;put;0.534315567016602;TTE;;;77.19
2026-04-27;2026-06-19;0.14520547945205478;62.0;77.19;0.219999998807907;put;0.361775283813477;TTE;;;77.37
2026-04-27;2026-07-17;0.2219178082191781;62.0;77.19;0.365000009536743;put;0.316652946472168;TTE;;;76.75813511797273
2026-04-27;2026-05-15;0.049315068493150684;64.0;77.19;0.11500000115483984;put;0.477569274902344;TTE;;;77.19
2026-04-27;2026-06-19;0.14520547945205478;64.0;77.19;0.270000010728836;put;0.334782104492188;TTE;;;77.37
2026-04-27;2026-07-17;0.2219178082191781;64.0;77.19;0.48999997973442044;put;0.302438888549805;TTE;;;76.75813511797273
2026-04-27;2026-06-19;0.14520547945205478;65.0;77.19;0.314999997615814;put;0.325092353820801;TTE;;;77.37
2026-04-27;2026-09-18;0.39452054794520547;65.0;77.19;1.1700000166893;put;0.285263271331787;TTE;;;77.08208420785022
2026-04-27;2026-12-18;0.6438356164383562;65.0;77.19;2.069999933242795;put;0.277166080474854;TTE;;;76.71268054224896
2026-04-27;2027-03-19;0.8931506849315068;65.0;77.19;2.985000133514405;put;0.273951072692871;TTE;;;77.1355797605815
2026-04-27;2026-05-15;0.049315068493150684;66.0;77.19;0.13499999977648255;put;0.42623752593994096;TTE;;;77.19
2026-04-27;2026-06-19;0.14520547945205478;66.0;77.19;0.37000000476837147;put;0.31582914352417;TTE;;;77.37
2026-04-27;2026-07-17;0.2219178082191781;66.0;77.19;0.6849999725818634;put;0.29224157333374;TTE;;;76.75813511797273
2026-04-27;2026-05-15;0.049315068493150684;68.0;77.19;0.16999999433755886;put;0.37919078826904296;TTE;;;77.19
2026-04-27;2026-06-19;0.14520547945205478;68.0;77.19;0.5399999916553495;put;0.302417984008789;TTE;;;77.37
2026-04-27;2026-07-17;0.2219178082191781;68.0;77.19;0.9800000190734875;put;0.285557880401611;TTE;;;76.75813511797273
2026-04-27;2026-05-15;0.049315068493150684;70.0;77.19;0.25499999523162853;put;0.344843406677246;TTE;;;77.19
2026-04-27;2026-06-19;0.14520547945205478;70.0;77.19;0.8150000274181366;put;0.293918437957764;TTE;;;77.37
2026-04-27;2026-07-17;0.2219178082191781;70.0;77.19;1.385000109672545;put;0.280745964050293;TTE;;;76.75813511797273
2026-04-27;2026-09-18;0.39452054794520547;70.0;77.19;2.28000009059906;put;0.274839725494385;TTE;;;77.08208420785022
2026-04-27;2026-12-18;0.6438356164383562;70.0;77.19;3.480000257492065;put;0.269979934692383;TTE;;;76.71268054224896
2026-04-27;2027-03-19;0.8931506849315068;70.0;77.19;4.535000324249265;put;0.265141582489014;TTE;;;77.1355797605815
2026-04-27;2027-06-18;1.1424657534246576;70.0;77.19;5.435000419616699;put;0.262143383026123;TTE;;;76.7215881775207
2026-04-27;2027-12-17;1.641095890410959;70.0;77.19;6.929999828338625;put;0.256135997772217;TTE;;;74.9576437358878
2026-04-27;2026-05-15;0.049315068493150684;72.0;77.19;0.45500001311302196;put;0.325534744262695;TTE;;;77.19
2026-04-27;2026-06-19;0.14520547945205478;72.0;77.19;1.2350001335143999;put;0.28811128616333;TTE;;;77.37
2026-04-27;2026-07-17;0.2219178082191781;72.0;77.19;1.9249999523162802;put;0.276784915924072;TTE;;;76.75813511797273
2026-04-27;2026-05-15;0.049315068493150684;74.0;77.19;0.8300000131130215;put;0.313345336914062;TTE;;;77.19
2026-04-27;2026-06-19;0.14520547945205478;74.0;77.19;1.80499982833862;put;0.284547348022461;TTE;;;77.37
2026-04-27;2026-07-17;0.2219178082191781;74.0;77.19;2.6199994087219247;put;0.27377290725708003;TTE;;;76.75813511797273
2026-04-27;2026-06-19;0.14520547945205478;75.0;77.19;2.164999961853025;put;0.282589874267578;TTE;;;77.37
2026-04-27;2026-09-18;0.39452054794520547;75.0;77.19;4.10000014305115;put;0.268500442504883;TTE;;;77.08208420785022
2026-04-27;2026-12-18;0.6438356164383562;75.0;77.19;5.47499990463257;put;0.26408096313476603;TTE;;;76.71268054224896
2026-04-27;2027-03-19;0.8931506849315068;75.0;77.19;6.590000152587891;put;0.257990112304688;TTE;;;77.1355797605815
2026-04-27;2026-05-15;0.049315068493150684;76.0;77.19;1.465000092983245;put;0.30772970199585;TTE;;;77.19
2026-04-27;2026-06-19;0.14520547945205478;76.0;77.19;2.56500005722046;put;0.281975440979004;TTE;;;77.37
2026-04-27;2026-07-17;0.2219178082191781;76.0;77.19;3.46999979019165;put;0.271710929870605;TTE;;;76.75813511797273
2026-04-27;2026-05-15;0.049315068493150684;78.0;77.19;1.894999504089355;call;0.304833889007568;TTE;;;77.19
2026-04-27;2026-06-19;0.14520547945205478;78.0;77.19;3.169999599456785;call;0.277376537322998;TTE;;;77.37
2026-04-27;2026-07-17;0.2219178082191781;78.0;77.19;3.554999828338625;call;0.27038654327392597;TTE;;;76.75813511797273
2026-04-27;2026-05-15;0.049315068493150684;80.0;77.19;1.1499998569488499;call;0.306016807556152;TTE;;;77.19
2026-04-27;2026-06-19;0.14520547945205478;80.0;77.19;2.34500002861023;call;0.277474231719971;TTE;;;77.37
2026-04-27;2026-07-17;0.2219178082191781;80.0;77.19;2.75999975204468;call;0.2703125;TTE;;;76.75813511797273
2026-04-27;2026-09-18;0.39452054794520547;80.0;77.19;4.0950000286102295;call;0.26689987182617203;TTE;;;77.08208420785022
2026-04-27;2026-12-18;0.6438356164383562;80.0;77.19;5.25;call;0.25911821365356397;TTE;;;76.71268054224896
2026-04-27;2027-03-19;0.8931506849315068;80.0;77.19;6.050000190734865;call;0.254844570159912;TTE;;;77.1355797605815
2026-04-27;2027-06-18;1.1424657534246576;80.0;77.19;6.75;call;0.251453227996826;TTE;;;76.7215881775207
2026-04-27;2027-12-17;1.641095890410959;80.0;77.19;7.889999866485594;call;0.24413520812988299;TTE;;;74.9576437358878
2026-04-27;2026-05-15;0.049315068493150684;82.0;77.19;0.6699999868869779;call;0.310132923126221;TTE;;;77.19
2026-04-27;2026-06-19;0.14520547945205478;82.0;77.19;1.7049999237060551;call;0.279454708099365;TTE;;;77.37
2026-04-27;2026-07-17;0.2219178082191781;82.0;77.19;2.12499952316284;call;0.271497173309326;TTE;;;76.75813511797273
2026-04-27;2026-05-15;0.049315068493150684;84.0;77.19;0.38500000536441803;call;0.317272129058838;TTE;;;77.19
2026-04-27;2026-06-19;0.14520547945205478;84.0;77.19;1.220000088214875;call;0.282067623138428;TTE;;;77.37
2026-04-27;2026-07-17;0.2219178082191781;84.0;77.19;1.62000000476837;call;0.27307165145873996;TTE;;;76.75813511797273
2026-04-27;2026-06-19;0.14520547945205478;85.0;77.19;1.0299998223781606;call;0.283606567382812;TTE;;;77.37
2026-04-27;2026-09-18;0.39452054794520547;85.0;77.19;2.520000100135805;call;0.268390464782715;TTE;;;77.08208420785022
2026-04-27;2026-12-18;0.6438356164383562;85.0;77.19;3.5749998092651403;call;0.258521289825439;TTE;;;76.71268054224896
2026-04-27;2027-03-19;0.8931506849315068;85.0;77.19;4.3550000190734846;call;0.25312463760376;TTE;;;77.1355797605815
2026-04-27;2026-05-15;0.049315068493150684;86.0;77.19;0.2149999998509885;call;0.32480503082275397;TTE;;;77.19
2026-04-27;2026-06-19;0.14520547945205478;86.0;77.19;0.8700000047683716;call;0.285573387145996;TTE;;;77.37
2026-04-27;2026-07-17;0.2219178082191781;86.0;77.19;1.229999840259555;call;0.274949359893799;TTE;;;76.75813511797273
2026-04-27;2026-05-15;0.049315068493150684;88.0;77.19;0.12499999999999994;call;0.336154289245605;TTE;;;77.19
2026-04-27;2026-06-19;0.14520547945205478;88.0;77.19;0.6199999749660494;call;0.288824653625488;TTE;;;77.37
2026-04-27;2026-07-17;0.2219178082191781;88.0;77.19;0.9250002205371846;call;0.27753440856933603;TTE;;;76.75813511797273
2026-04-27;2026-05-15;0.049315068493150684;90.0;77.19;0.09999999869614828;call;0.36701698303222696;TTE;;;77.19
2026-04-27;2026-06-19;0.14520547945205478;90.0;77.19;0.4349999725818635;call;0.29252487182617204;TTE;;;77.37
2026-04-27;2026-09-18;0.39452054794520547;90.0;77.19;1.519999980926515;call;0.271632919311523;TTE;;;77.08208420785022
2026-04-27;2026-12-18;0.6438356164383562;90.0;77.19;2.385000228881835;call;0.258839721679688;TTE;;;76.71268054224896
2026-04-27;2027-03-19;0.8931506849315068;90.0;77.19;3.110000133514405;call;0.253310375213623;TTE;;;77.1355797605815
2026-04-27;2027-06-18;1.1424657534246576;90.0;77.19;3.72000026702881;call;0.24840570449829102;TTE;;;76.7215881775207
2026-04-27;2027-12-17;1.641095890410959;90.0;77.19;4.7699999809265154;call;0.23971715927124;TTE;;;74.9576437358878
2026-04-27;2026-05-15;0.049315068493150684;92.0;77.19;0.0950000034645198;call;0.406426200866699;TTE;;;77.19
2026-04-27;2026-06-19;0.14520547945205478;92.0;77.19;0.30999999493360497;call;0.297653388977051;TTE;;;77.37
2026-04-27;2026-07-17;0.2219178082191781;92.0;77.19;0.5250000059604645;call;0.28316047668457;TTE;;;76.75813511797273
2026-04-27;2026-06-19;0.14520547945205478;95.0;77.19;0.18999996781349165;call;0.30672399520874;TTE;;;77.37
2026-04-27;2026-09-18;0.39452054794520547;95.0;77.19;0.905000001192093;call;0.275662307739258;TTE;;;77.08208420785022
2026-04-27;2026-12-18;0.6438356164383562;95.0;77.19;1.5749998688697802;call;0.260223407745361;TTE;;;76.71268054224896
2026-04-27;2027-03-19;0.8931506849315068;95.0;77.19;2.194999694824215;call;0.25350610733032203;TTE;;;77.1355797605815
2026-04-27;2026-05-15;0.049315068493150684;96.0;77.19;0.0350000001490116;call;0.46420768737792995;TTE;;;77.19
2026-04-27;2026-07-17;0.2219178082191781;96.0;77.19;0.30000000447034797;call;0.290613708496094;TTE;;;76.75813511797273
2026-04-27;2026-05-15;0.049315068493150684;100.0;77.19;0.02999999932944775;call;0.5249907684326169;TTE;;;77.19
2026-04-27;2026-06-19;0.14520547945205478;100.0;77.19;0.11000000126659859;call;0.33350528717041;TTE;;;77.37
2026-04-27;2026-07-17;0.2219178082191781;100.0;77.19;0.17999999970197686;call;0.299635601043701;TTE;;;76.75813511797273
2026-04-27;2026-09-18;0.39452054794520547;100.0;77.19;0.534999996423721;call;0.280082397460938;TTE;;;77.08208420785022
2026-04-27;2026-12-18;0.6438356164383562;100.0;77.19;1.034999996423722;call;0.262279090881348;TTE;;;76.71268054224896
2026-04-27;2027-03-19;0.8931506849315068;100.0;77.19;1.53999996185303;call;0.25505180358886703;TTE;;;77.1355797605815
2026-04-27;2027-06-18;1.1424657534246576;100.0;77.19;1.98499965667725;call;0.247375793457031;TTE;;;76.7215881775207
2026-04-27;2027-12-17;1.641095890410959;100.0;77.19;2.864999771118165;call;0.239110622406006;TTE;;;74.9576437358878
2026-04-27;2026-05-15;0.049315068493150684;104.0;77.19;0.02999999932944775;call;0.592219886779785;TTE;;;77.19
2026-04-27;2026-06-19;0.14520547945205478;104.0;77.19;0.10499999392777679;call;0.37269340515136695;TTE;;;77.37
2026-04-27;2026-07-17;0.2219178082191781;104.0;77.19;0.11500000115483984;call;0.311043605804443;TTE;;;76.75813511797273
2026-04-27;2026-05-15;0.049315068493150684;108.0;77.19;0.02999999932944775;call;0.655771789550781;TTE;;;77.19
2026-04-27;2026-06-19;0.14520547945205478;108.0;77.19;0.0900000007823108;call;0.40267791748046905;TTE;;;77.37
2026-04-27;2026-07-17;0.2219178082191781;108.0;77.19;0.10500000137835729;call;0.338165893554688;TTE;;;76.75813511797273
2026-04-27;2026-09-18;0.39452054794520547;110.0;77.19;0.21500000357627852;call;0.295918407440186;TTE;;;77.08208420785022
2026-04-27;2026-12-18;0.6438356164383562;110.0;77.19;0.46000000834465;call;0.26898120880126997;TTE;;;76.71268054224896
2026-04-27;2027-03-19;0.8931506849315068;110.0;77.19;0.7700000107288361;call;0.2585032081604;TTE;;;77.1355797605815
2026-04-27;2027-06-18;1.1424657534246576;110.0;77.19;1.0800000131130205;call;0.25032300949096703;TTE;;;76.7215881775207
2026-04-27;2027-12-17;1.641095890410959;110.0;77.19;1.71999979019165;call;0.24021923065185502;TTE;;;74.9576437358878
2026-04-27;2026-09-18;0.39452054794520547;120.0;77.19;0.11499999649822709;call;0.32047779083252004;TTE;;;77.08208420785022
2026-04-27;2026-12-18;0.6438356164383562;120.0;77.19;0.24500000476837153;call;0.283053798675537;TTE;;;76.71268054224896
2026-04-27;2027-03-19;0.8931506849315068;120.0;77.19;0.4249999821186065;call;0.267655410766602;TTE;;;77.1355797605815
2026-04-27;2027-06-18;1.1424657534246576;120.0;77.19;0.6299999654293065;call;0.256659297943115;TTE;;;76.7215881775207
2026-04-27;2027-12-17;1.641095890410959;120.0;77.19;1.0799997746944434;call;0.244060707092285;TTE;;;74.9576437358878
2026-04-27;2026-09-18;0.39452054794520547;140.0;77.19;0.0350000001490116;call;0.385488014221191;TTE;;;77.08208420785022
2026-04-27;2026-12-18;0.6438356164383562;140.0;77.19;0.10500000137835729;call;0.31821729660034204;TTE;;;76.71268054224896
2026-04-27;2027-03-19;0.8931506849315068;140.0;77.19;0.1900000125169755;call;0.293888301849365;TTE;;;77.1355797605815
2026-04-27;2027-06-18;1.1424657534246576;150.0;77.19;0.22999998927116375;call;0.292173900604248;TTE;;;76.7215881775207
2026-04-27;2027-12-17;1.641095890410959;150.0;77.19;0.4000000059604645;call;0.26763500213623;TTE;;;74.9576437358878
